{
  "full": {
    "name": "Full Benchmark (all 9 repos)",
    "repos": [
      "requests",
      "httpx",
      "flask",
      "fastapi",
      "express",
      "axios",
      "celery",
      "sqlalchemy",
      "guava"
    ],
    "macro_f1": 0.8624243890014281,
    "weighted_f1": 0.7747070545935059,
    "pr_auc": 0.9206539572500976,
    "roc_auc": 0.9197596152142151,
    "recall@20%": 0.29987198626758405,
    "precision": 0.8637346732975234,
    "recall": 0.8958116660814236
  },
  "reliable": {
    "name": "Reliable Benchmark (\u226530 files, 15-75% bug rate)",
    "repos": [
      "fastapi",
      "axios",
      "celery",
      "sqlalchemy",
      "guava"
    ],
    "excluded": [
      "requests",
      "httpx",
      "flask",
      "express"
    ],
    "honest_f1": 0.8650651549307137,
    "honest_pr_auc": 0.897931091304144,
    "honest_recall@20%": 0.3331029086149847,
    "honest_precision": 0.895602009946285,
    "honest_recall": 0.8437174991221356
  },
  "timestamp": "2026-04-29T16:48:40.278127",
  "note": "DO NOT CHANGE THESE NUMBERS BEFORE PRESENTATION"
}