{
  "full": {
    "name": "Full Benchmark (all 9 repos)",
    "repos": [
      "httpx",
      "requests",
      "flask",
      "express",
      "fastapi",
      "axios",
      "celery",
      "sqlalchemy",
      "guava"
    ],
    "macro_f1": 0.5643048328771679,
    "weighted_f1": 0.43978998990613627,
    "pr_auc": 0.6994074824469899,
    "roc_auc": 0.70029384894531,
    "recall@20%": 0.30629180103383324,
    "precision": 0.6222685985597249,
    "recall": 0.5830623862729314
  },
  "reliable": {
    "name": "Reliable Benchmark (\u226530 files, 15-75% bug rate)",
    "repos": [
      "fastapi",
      "axios",
      "celery",
      "sqlalchemy",
      "guava"
    ],
    "excluded": [
      "httpx",
      "requests",
      "flask",
      "express"
    ],
    "honest_f1": 0.5233220511805539,
    "honest_pr_auc": 0.7076827442407996,
    "honest_recall@20%": 0.3399616054972635,
    "honest_precision": 0.6131648026014922,
    "honest_recall": 0.5204269127427302
  },
  "timestamp": "2026-05-04T11:56:58.734009",
  "note": "DO NOT CHANGE THESE NUMBERS BEFORE PRESENTATION"
}