{
  "full": {
    "name": "Full Benchmark (all 9 repos)",
    "repos": [
      "httpx",
      "flask",
      "requests",
      "fastapi",
      "axios",
      "express",
      "celery",
      "guava",
      "sqlalchemy"
    ],
    "macro_f1": 0.8531353404413761,
    "weighted_f1": 0.7448844340970008,
    "pr_auc": 0.9399742076416052,
    "roc_auc": 0.9322442166594838,
    "recall@20%": 0.33148453889238483,
    "precision": 0.8516759971689898,
    "recall": 0.8831969979705359
  },
  "reliable": {
    "name": "Reliable Benchmark (\u226530 files, 15-75% bug rate)",
    "repos": [
      "fastapi",
      "axios",
      "celery",
      "guava",
      "sqlalchemy"
    ],
    "excluded": [
      "httpx",
      "flask",
      "requests",
      "express"
    ],
    "honest_f1": 0.85546058641964,
    "honest_pr_auc": 0.9202075420088575,
    "honest_recall@20%": 0.340005503339626,
    "honest_precision": 0.8727520909915798,
    "honest_recall": 0.8664621636224704
  },
  "timestamp": "2026-04-29T20:06:36.692560",
  "note": "DO NOT CHANGE THESE NUMBERS BEFORE PRESENTATION"
}